freckle,278,226,66,78,1_1.jpg,512,512
freckle,264,417,115,68,1_1.jpg,512,512
freckle,184,58,85,54,1_1.jpg,512,512
freckle,164,136,59,40,1_1.jpg,512,512
freckle,57,124,84,54,1_1.jpg,512,512
freckle,7,154,37,35,1_1.jpg,512,512
freckle,133,260,35,46,1_1.jpg,512,512
freckle,39,267,44,48,1_1.jpg,512,512
freckle,0,255,29,59,1_1.jpg,512,512
freckle,16,425,53,78,1_1.jpg,512,512
freckle,111,381,54,67,1_1.jpg,512,512
freckle,219,336,42,49,1_1.jpg,512,512
freckle,320,0,61,22,1_1.jpg,512,512
freckle,116,0,65,40,1_1.jpg,512,512
freckle,384,194,34,39,1_1.jpg,512,512
freckle,190,21,57,62,1_2.jpg,512,512
freckle,86,36,26,33,1_2.jpg,512,512
freckle,276,158,38,36,1_2.jpg,512,512
freckle,396,204,37,45,1_2.jpg,512,512
freckle,442,253,47,40,1_2.jpg,512,512
freckle,400,276,62,66,1_2.jpg,512,512
freckle,357,244,37,45,1_2.jpg,512,512
freckle,213,197,41,32,1_2.jpg,512,512
freckle,157,186,41,32,1_2.jpg,512,512
freckle,106,208,58,66,1_2.jpg,512,512
freckle,43,208,61,43,1_2.jpg,512,512
freckle,171,240,37,38,1_2.jpg,512,512
freckle,253,268,29,38,1_2.jpg,512,512
freckle,218,213,123,54,1_2.jpg,512,512
freckle,202,267,35,51,1_2.jpg,512,512
freckle,151,281,41,25,1_2.jpg,512,512
freckle,140,317,42,30,1_2.jpg,512,512
freckle,23,323,64,46,1_2.jpg,512,512
freckle,419,352,30,39,1_2.jpg,512,512
freckle,437,336,40,24,1_2.jpg,512,512
freckle,395,405,77,56,1_2.jpg,512,512
freckle,333,361,38,33,1_2.jpg,512,512
freckle,323,450,54,45,1_2.jpg,512,512
freckle,325,396,37,22,1_2.jpg,512,512
freckle,196,408,57,39,1_2.jpg,512,512
freckle,149,413,33,26,1_2.jpg,512,512
freckle,10,461,54,49,1_2.jpg,512,512
freckle,108,434,49,58,1_2.jpg,512,512
freckle,278,435,42,29,1_2.jpg,512,512
freckle,204,474,31,21,1_2.jpg,512,512
freckle,243,471,49,37,1_2.jpg,512,512
freckle,63,138,48,39,1_2.jpg,512,512
freckle,215,16,182,74,1_3.jpg,512,512
freckle,285,151,79,48,1_3.jpg,512,512
freckle,271,199,49,42,1_3.jpg,512,512
freckle,441,296,63,86,1_3.jpg,512,512
freckle,446,252,47,43,1_3.jpg,512,512
freckle,176,271,54,35,1_3.jpg,512,512
freckle,136,237,38,28,1_3.jpg,512,512
freckle,188,83,45,29,1_3.jpg,512,512
freckle,143,375,50,29,1_3.jpg,512,512
freckle,21,190,71,58,1_3.jpg,512,512
freckle,121,104,98,64,1_3.jpg,512,512
freckle,288,466,87,46,1_3.jpg,512,512
freckle,135,479,94,33,1_3.jpg,512,512
freckle,125,39,60,40,1_4.jpg,512,512
freckle,346,52,152,56,1_4.jpg,512,512
freckle,422,111,74,40,1_4.jpg,512,512
freckle,454,276,37,35,1_4.jpg,512,512
freckle,380,283,72,43,1_4.jpg,512,512
freckle,21,219,83,74,1_4.jpg,512,512
freckle,162,356,51,43,1_4.jpg,512,512
freckle,250,424,61,56,1_4.jpg,512,512
freckle,211,203,37,37,1_4.jpg,512,512
freckle,14,42,78,64,1_4.jpg,512,512
freckle,414,357,45,34,1_4.jpg,512,512
freckle,371,397,38,30,1_4.jpg,512,512
freckle,71,361,41,29,1_4.jpg,512,512
freckle,333,3,49,27,1_4.jpg,512,512
freckle,277,293,51,40,1_4.jpg,512,512
freckle,172,343,92,56,1_4.jpg,512,512
freckle,350,365,43,41,1_4.jpg,512,512
freckle,295,451,112,53,1_4.jpg,512,512
freckle,136,47,63,54,1_5.jpg,512,512
freckle,381,332,54,58,1_5.jpg,512,512
freckle,371,422,91,78,1_5.jpg,512,512
freckle,129,368,74,57,1_5.jpg,512,512
freckle,476,219,34,37,1_5.jpg,512,512
freckle,408,78,69,96,1_5.jpg,512,512
freckle,50,32,82,84,1_5.jpg,512,512
freckle,247,15,103,88,1_6.jpg,512,512
freckle,93,144,57,54,1_6.jpg,512,512
freckle,218,126,53,57,1_6.jpg,512,512
freckle,164,49,55,47,1_6.jpg,512,512
freckle,63,318,78,65,1_6.jpg,512,512
freckle,325,360,69,69,1_6.jpg,512,512
freckle,331,468,70,44,1_6.jpg,512,512
freckle,410,462,78,50,1_6.jpg,512,512
freckle,75,79,67,76,1_6.jpg,512,512
freckle,196,28,76,81,1_7.jpg,512,512
freckle,91,24,57,42,1_7.jpg,512,512
freckle,49,197,63,61,1_7.jpg,512,512
freckle,401,115,57,70,1_7.jpg,512,512
freckle,318,201,71,61,1_7.jpg,512,512
freckle,277,351,38,45,1_7.jpg,512,512
freckle,11,275,63,54,1_7.jpg,512,512
freckle,124,291,54,49,1_7.jpg,512,512
freckle,81,406,41,32,1_7.jpg,512,512
freckle,43,434,50,37,1_7.jpg,512,512
freckle,26,486,45,26,1_7.jpg,512,512
freckle,189,458,40,37,1_7.jpg,512,512
freckle,440,6,60,50,1_7.jpg,512,512
freckle,296,249,72,57,1_8.jpg,512,512
freckle,277,121,54,44,1_8.jpg,512,512
freckle,63,220,41,51,1_8.jpg,512,512
freckle,227,304,59,54,1_8.jpg,512,512
freckle,351,134,52,35,1_8.jpg,512,512
freckle,113,121,47,42,1_8.jpg,512,512
freckle,193,144,55,40,1_8.jpg,512,512
freckle,233,231,34,35,1_8.jpg,512,512
freckle,216,65,39,41,1_9.jpg,512,512
freckle,359,54,29,36,1_9.jpg,512,512
freckle,4,71,49,50,1_9.jpg,512,512
freckle,135,224,60,41,1_9.jpg,512,512
freckle,31,196,54,39,1_9.jpg,512,512
freckle,203,152,48,52,1_9.jpg,512,512
freckle,271,161,66,62,1_9.jpg,512,512
freckle,445,206,39,45,1_9.jpg,512,512
freckle,425,276,38,41,1_9.jpg,512,512
freckle,114,40,35,29,1_9.jpg,512,512
freckle,99,7,26,26,1_9.jpg,512,512
freckle,295,116,37,37,1_9.jpg,512,512
freckle,423,77,34,41,1_9.jpg,512,512
freckle,396,391,44,36,1_9.jpg,512,512
freckle,398,437,59,35,1_9.jpg,512,512
freckle,260,433,54,45,1_9.jpg,512,512
freckle,114,167,30,25,1_9.jpg,512,512
freckle,63,140,42,30,1_9.jpg,512,512
freckle,216,65,66,83,2_1.jpg,512,512
freckle,293,41,53,75,2_1.jpg,512,512
freckle,333,101,76,57,2_1.jpg,512,512
freckle,381,158,126,111,2_1.jpg,512,512
freckle,390,274,90,87,2_1.jpg,512,512
freckle,378,385,120,124,2_1.jpg,512,512
freckle,232,279,85,111,2_1.jpg,512,512
freckle,170,322,73,63,2_1.jpg,512,512
freckle,84,268,87,121,2_1.jpg,512,512
freckle,32,150,157,122,2_1.jpg,512,512
freckle,10,288,56,68,2_1.jpg,512,512
freckle,15,411,63,63,2_1.jpg,512,512
freckle,276,459,65,53,2_1.jpg,512,512
freckle,299,161,67,40,2_10.jpg,512,512
freckle,446,77,59,49,2_10.jpg,512,512
freckle,32,229,71,61,2_10.jpg,512,512
freckle,186,201,60,58,2_10.jpg,512,512
freckle,120,453,151,59,2_10.jpg,512,512
freckle,225,310,133,79,2_10.jpg,512,512
freckle,315,409,62,58,2_10.jpg,512,512
freckle,321,92,95,59,2_10.jpg,512,512
freckle,437,131,45,36,2_10.jpg,512,512
freckle,333,201,77,37,2_10.jpg,512,512
freckle,194,165,67,33,2_10.jpg,512,512
freckle,60,412,49,37,2_10.jpg,512,512
freckle,317,86,72,78,2_2.jpg,512,512
freckle,271,37,71,50,2_2.jpg,512,512
freckle,233,102,70,60,2_2.jpg,512,512
freckle,57,206,96,62,2_2.jpg,512,512
freckle,181,199,129,91,2_2.jpg,512,512
freckle,438,276,42,61,2_2.jpg,512,512
freckle,396,315,42,37,2_2.jpg,512,512
freckle,136,307,30,31,2_2.jpg,512,512
freckle,175,342,44,51,2_2.jpg,512,512
freckle,349,425,82,44,2_2.jpg,512,512
freckle,13,367,107,101,2_2.jpg,512,512
freckle,40,483,93,29,2_2.jpg,512,512
freckle,12,3,212,109,2_2.jpg,512,512
freckle,2,99,52,39,2_2.jpg,512,512
freckle,136,117,80,59,2_2.jpg,512,512
freckle,38,8,67,64,2_3.jpg,512,512
freckle,186,56,112,67,2_3.jpg,512,512
freckle,303,46,77,82,2_3.jpg,512,512
freckle,276,130,138,74,2_3.jpg,512,512
freckle,5,308,83,83,2_3.jpg,512,512
freckle,62,222,84,48,2_3.jpg,512,512
freckle,129,351,74,92,2_3.jpg,512,512
freckle,257,328,86,66,2_3.jpg,512,512
freckle,365,304,67,97,2_3.jpg,512,512
freckle,489,295,23,99,2_3.jpg,512,512
freckle,488,96,24,51,2_3.jpg,512,512
freckle,21,417,59,44,2_3.jpg,512,512
freckle,0,458,29,39,2_3.jpg,512,512
freckle,63,96,62,60,2_3.jpg,512,512
freckle,104,60,69,51,2_3.jpg,512,512
freckle,0,113,54,58,2_3.jpg,512,512
freckle,86,58,90,80,2_4.jpg,512,512
freckle,328,19,83,113,2_4.jpg,512,512
freckle,220,110,71,62,2_4.jpg,512,512
freckle,398,149,114,96,2_4.jpg,512,512
freckle,478,72,34,71,2_4.jpg,512,512
freckle,300,161,83,62,2_4.jpg,512,512
freckle,327,245,91,70,2_4.jpg,512,512
freckle,437,265,51,50,2_4.jpg,512,512
freckle,29,209,103,84,2_4.jpg,512,512
freckle,160,236,64,48,2_4.jpg,512,512
freckle,117,279,97,62,2_4.jpg,512,512
freckle,0,320,32,41,2_4.jpg,512,512
freckle,54,322,45,29,2_4.jpg,512,512
freckle,186,22,147,110,2_5.jpg,512,512
freckle,388,95,65,54,2_5.jpg,512,512
freckle,443,17,69,62,2_5.jpg,512,512
freckle,307,142,76,40,2_5.jpg,512,512
freckle,381,154,78,41,2_5.jpg,512,512
freckle,416,219,72,46,2_5.jpg,512,512
freckle,273,207,31,37,2_5.jpg,512,512
freckle,197,170,43,29,2_5.jpg,512,512
freckle,338,272,52,42,2_5.jpg,512,512
freckle,239,336,54,36,2_5.jpg,512,512
freckle,75,220,68,52,2_5.jpg,512,512
freckle,80,136,52,25,2_5.jpg,512,512
freckle,97,377,90,59,2_5.jpg,512,512
freckle,69,293,80,38,2_5.jpg,512,512
freckle,182,223,70,53,2_5.jpg,512,512
freckle,96,90,103,72,2_5.jpg,512,512
freckle,164,114,100,104,2_6.jpg,512,512
freckle,161,224,95,62,2_6.jpg,512,512
freckle,425,253,70,53,2_6.jpg,512,512
freckle,257,251,86,66,2_6.jpg,512,512
freckle,251,328,60,54,2_6.jpg,512,512
active,273,141,60,66,2_6.jpg,512,512
freckle,246,434,70,45,2_6.jpg,512,512
freckle,478,37,34,154,2_6.jpg,512,512
freckle,195,22,76,62,2_7.jpg,512,512
freckle,95,76,78,115,2_7.jpg,512,512
freckle,220,134,55,60,2_7.jpg,512,512
freckle,252,235,113,80,2_7.jpg,512,512
freckle,290,326,88,78,2_7.jpg,512,512
freckle,393,198,92,66,2_7.jpg,512,512
freckle,314,15,86,57,2_7.jpg,512,512
freckle,412,49,58,55,2_7.jpg,512,512
freckle,18,118,72,76,2_7.jpg,512,512
freckle,29,10,54,55,2_7.jpg,512,512
freckle,178,201,62,110,2_7.jpg,512,512
freckle,69,204,76,88,2_7.jpg,512,512
freckle,94,326,47,53,2_7.jpg,512,512
freckle,149,313,37,54,2_7.jpg,512,512
freckle,51,417,63,82,2_7.jpg,512,512
freckle,303,153,101,115,2_8.jpg,512,512
freckle,248,85,112,62,2_8.jpg,512,512
freckle,14,253,102,87,2_8.jpg,512,512
freckle,335,291,67,52,2_8.jpg,512,512
freckle,417,318,49,45,2_8.jpg,512,512
freckle,480,313,32,84,2_8.jpg,512,512
freckle,310,354,57,32,2_8.jpg,512,512
freckle,171,361,59,62,2_8.jpg,512,512
freckle,250,349,37,42,2_8.jpg,512,512
freckle,409,454,50,44,2_8.jpg,512,512
freckle,255,403,70,64,2_8.jpg,512,512
active,328,404,36,27,2_8.jpg,512,512
freckle,7,475,42,37,2_8.jpg,512,512
freckle,55,455,70,50,2_8.jpg,512,512
freckle,142,114,47,47,2_9.jpg,512,512
freckle,97,177,68,46,2_9.jpg,512,512
freckle,172,146,74,118,2_9.jpg,512,512
freckle,303,350,56,56,2_9.jpg,512,512
freckle,258,386,45,39,2_9.jpg,512,512
freckle,21,287,129,72,2_9.jpg,512,512
freckle,34,411,55,56,2_9.jpg,512,512
freckle,0,378,24,33,2_9.jpg,512,512
freckle,2,97,127,88,2_9.jpg,512,512
freckle,235,16,70,68,2_9.jpg,512,512
freckle,79,38,38,38,3_1.jpg,512,512
freckle,153,115,83,76,3_1.jpg,512,512
freckle,92,4,51,32,3_1.jpg,512,512
freckle,228,153,145,110,3_2.jpg,512,512
freckle,368,343,109,96,3_2.jpg,512,512
freckle,48,446,141,66,3_2.jpg,512,512
freckle,374,144,86,75,3_2.jpg,512,512
freckle,238,267,72,63,3_3.jpg,512,512
freckle,216,414,89,66,3_3.jpg,512,512
freckle,45,229,65,84,3_3.jpg,512,512
freckle,130,144,54,47,3_3.jpg,512,512
freckle,56,143,65,45,3_3.jpg,512,512
freckle,170,268,49,62,3_3.jpg,512,512
freckle,188,215,72,45,3_3.jpg,512,512
freckle,104,54,41,40,3_3.jpg,512,512
freckle,165,33,42,38,3_3.jpg,512,512
freckle,455,212,57,60,3_3.jpg,512,512
freckle,32,461,57,44,3_3.jpg,512,512
freckle,388,80,69,63,3_3.jpg,512,512
freckle,309,0,53,38,3_3.jpg,512,512
freckle,472,146,36,44,3_3.jpg,512,512
freckle,196,108,56,38,3_4.jpg,512,512
freckle,118,37,73,47,3_4.jpg,512,512
freckle,293,220,32,40,3_4.jpg,512,512
freckle,333,219,43,50,3_4.jpg,512,512
freckle,392,439,62,66,3_4.jpg,512,512
freckle,459,396,40,53,3_4.jpg,512,512
freckle,20,202,43,45,3_4.jpg,512,512
freckle,214,374,54,45,3_4.jpg,512,512
freckle,235,435,67,77,3_4.jpg,512,512
freckle,253,297,44,36,3_4.jpg,512,512
freckle,204,128,57,52,3_5.jpg,512,512
freckle,138,54,55,69,3_5.jpg,512,512
freckle,453,185,43,56,3_5.jpg,512,512
freckle,435,271,34,42,3_5.jpg,512,512
freckle,27,83,53,46,3_5.jpg,512,512
freckle,253,417,50,46,3_5.jpg,512,512
freckle,102,240,91,71,3_5.jpg,512,512
freckle,12,367,77,88,3_5.jpg,512,512
freckle,3,235,66,84,3_5.jpg,512,512
freckle,331,428,49,62,3_5.jpg,512,512
freckle,415,371,76,76,3_5.jpg,512,512
freckle,115,138,62,73,3_6.jpg,512,512
freckle,50,132,60,53,3_6.jpg,512,512
freckle,351,202,109,63,3_6.jpg,512,512
freckle,100,237,50,36,3_6.jpg,512,512
freckle,169,290,108,64,3_6.jpg,512,512
freckle,386,326,62,44,3_6.jpg,512,512
freckle,190,60,61,43,3_7.jpg,512,512
freckle,30,28,73,56,3_7.jpg,512,512
freckle,156,4,43,30,3_7.jpg,512,512
freckle,259,4,142,70,3_7.jpg,512,512
freckle,346,61,50,44,3_7.jpg,512,512
freckle,425,315,80,73,3_7.jpg,512,512
freckle,377,458,64,39,3_7.jpg,512,512
freckle,247,421,54,38,3_7.jpg,512,512
freckle,175,451,53,38,3_7.jpg,512,512
freckle,133,222,163,150,3_7.jpg,512,512
freckle,0,186,91,103,3_7.jpg,512,512
freckle,464,98,36,27,3_7.jpg,512,512
freckle,1,371,147,130,3_7.jpg,512,512